loan_id,customer_id,installer_id,hardware_type,principal_amount,term_months,interest_rate_pct,origination_date,risk_segment
LOAN00001,CUST0001,INS014,battery,14370.12,24,7.37,2021-05-28,high
LOAN00002,CUST0002,INS002,solar,10687.51,24,5.77,2024-04-17,low
LOAN00003,CUST0002,INS005,ev_charger,13595.27,84,7.31,2024-04-07,low
LOAN00004,CUST0003,INS006,solar,24835.57,84,7.0,2023-10-30,high
LOAN00005,CUST0004,INS005,ev_charger,19128.66,60,6.2,2024-09-07,low
LOAN00006,CUST0005,INS015,solar,20101.47,48,4.69,2022-02-05,medium
LOAN00007,CUST0006,INS012,solar,19154.0,48,6.02,2024-03-24,medium
LOAN00008,CUST0007,INS010,ev_charger,24406.72,60,4.43,2023-06-22,low
LOAN00009,CUST0008,INS012,solar,27820.96,48,5.38,2022-06-07,low
LOAN00010,CUST0009,INS013,solar,17365.26,24,7.33,2021-08-10,medium
LOAN00011,CUST0009,INS002,solar,21756.72,84,8.06,2021-10-30,medium
LOAN00012,CUST0010,INS008,ev_charger,8865.61,48,4.85,2022-01-26,medium
LOAN00013,CUST0010,INS009,heat_pump,18892.08,36,8.42,2022-02-04,medium
LOAN00014,CUST0011,INS010,ev_charger,4317.43,60,5.72,2023-08-23,low
LOAN00015,CUST0012,INS010,ev_charger,7803.18,60,4.56,2023-04-03,high
LOAN00016,CUST0013,INS012,solar,25880.43,84,8.05,2024-02-25,high
LOAN00017,CUST0014,INS016,battery,21790.7,48,5.59,2021-05-07,medium
LOAN00018,CUST0015,INS003,solar,24573.44,36,7.52,2024-01-23,medium
LOAN00019,CUST0016,INS018,heat_pump,22871.71,24,3.97,2023-01-13,low
LOAN00020,CUST0016,INS018,heat_pump,12530.35,60,7.65,2022-12-13,low
LOAN00021,CUST0017,INS013,solar,6154.48,48,5.07,2022-03-05,low
LOAN00022,CUST0018,INS018,heat_pump,8923.5,84,4.22,2025-02-28,high
LOAN00023,CUST0019,INS010,ev_charger,6358.56,60,4.13,2025-07-02,low
LOAN00024,CUST0020,INS016,battery,9252.6,24,6.59,2021-08-20,medium
LOAN00025,CUST0021,INS012,solar,13768.61,84,7.61,2024-01-30,low
LOAN00026,CUST0022,INS014,battery,23925.48,24,6.98,2023-04-29,low
LOAN00027,CUST0023,INS009,heat_pump,8823.11,48,6.12,2025-05-18,high
LOAN00028,CUST0023,INS008,ev_charger,5934.19,48,7.33,2025-08-31,high
LOAN00029,CUST0024,INS012,solar,10259.1,60,8.74,2024-05-18,low
LOAN00030,CUST0025,INS015,solar,19221.76,36,6.89,2021-08-29,high
LOAN00031,CUST0025,INS001,solar,9467.44,48,4.53,2021-08-24,high
LOAN00032,CUST0026,INS003,solar,8575.36,84,4.98,2023-01-06,low
LOAN00033,CUST0027,INS011,heat_pump,22821.77,36,6.88,2024-06-14,low
LOAN00034,CUST0027,INS009,heat_pump,27694.42,36,6.6,2024-06-24,low
LOAN00035,CUST0028,INS004,solar,6729.18,24,5.69,2023-12-16,high
LOAN00036,CUST0029,INS011,heat_pump,10001.5,36,4.53,2023-12-29,low
LOAN00037,CUST0030,INS004,solar,15168.03,24,7.79,2023-12-05,low
LOAN00038,CUST0031,INS004,solar,8927.97,84,6.98,2024-02-12,low
LOAN00039,CUST0032,INS017,battery,19261.85,60,4.06,2022-04-17,medium
LOAN00040,CUST0033,INS013,solar,15511.59,24,8.45,2025-01-06,medium
LOAN00041,CUST0033,INS003,solar,11391.74,24,4.64,2025-03-08,medium
LOAN00042,CUST0034,INS018,heat_pump,12832.16,48,6.89,2023-06-28,low
LOAN00043,CUST0035,INS017,battery,5929.87,60,7.41,2024-02-11,low
LOAN00044,CUST0036,INS018,heat_pump,14036.71,36,8.34,2022-07-07,low
LOAN00045,CUST0036,INS014,battery,13268.89,60,7.55,2022-05-19,low
LOAN00046,CUST0037,INS011,heat_pump,12670.38,48,4.66,2024-07-13,low
LOAN00047,CUST0038,INS003,solar,5784.14,24,4.38,2022-04-08,low
LOAN00048,CUST0038,INS012,solar,17131.08,36,6.83,2022-07-09,low
LOAN00049,CUST0039,INS011,heat_pump,13564.81,24,8.27,2024-10-09,low
LOAN00050,CUST0040,INS014,battery,27225.77,24,6.9,2021-06-25,low
LOAN00051,CUST0040,INS012,solar,15931.61,84,4.67,2021-03-19,low
LOAN00052,CUST0041,INS004,solar,12505.25,84,7.71,2022-06-16,medium
LOAN00053,CUST0042,INS014,battery,27376.39,84,7.99,2022-07-01,low
LOAN00054,CUST0043,INS018,heat_pump,26262.57,84,8.05,2024-03-18,low
LOAN00055,CUST0044,INS006,solar,26077.67,48,5.66,2025-06-29,medium
LOAN00056,CUST0045,INS005,ev_charger,5204.84,60,7.6,2022-04-07,low
LOAN00057,CUST0046,INS003,solar,8770.76,84,6.0,2023-09-05,low
LOAN00058,CUST0046,INS011,heat_pump,11135.12,48,5.52,2023-06-22,low
LOAN00059,CUST0047,INS003,solar,7311.71,24,7.67,2023-12-06,medium
LOAN00060,CUST0047,INS002,solar,10166.52,24,7.21,2023-11-09,medium
LOAN00061,CUST0048,INS015,solar,8781.44,48,6.46,2024-10-08,low
LOAN00062,CUST0049,INS004,solar,15422.5,84,7.24,2025-03-08,medium
LOAN00063,CUST0050,INS013,solar,3688.33,24,5.41,2021-10-27,low
LOAN00064,CUST0051,INS005,ev_charger,10591.45,48,4.5,2024-04-10,low
LOAN00065,CUST0052,INS014,battery,12815.08,36,7.42,2022-02-02,low
LOAN00066,CUST0053,INS012,solar,24613.23,60,4.11,2021-06-13,medium
LOAN00067,CUST0054,INS003,solar,17606.1,48,6.77,2024-05-22,low
LOAN00068,CUST0055,INS014,battery,13423.29,24,8.73,2024-02-19,high
LOAN00069,CUST0056,INS015,solar,5659.18,48,8.12,2025-07-08,low
LOAN00070,CUST0057,INS013,solar,13196.28,24,5.45,2023-11-28,low
LOAN00071,CUST0058,INS011,heat_pump,5371.29,36,7.07,2023-07-10,low
LOAN00072,CUST0059,INS007,battery,12101.94,48,8.69,2021-04-30,low
LOAN00073,CUST0060,INS005,ev_charger,7087.88,24,4.89,2025-06-24,low
LOAN00074,CUST0061,INS003,solar,14866.85,60,6.72,2024-12-19,medium
LOAN00075,CUST0062,INS011,heat_pump,7198.46,48,4.24,2024-01-12,low
LOAN00076,CUST0063,INS010,ev_charger,17989.78,48,5.66,2022-07-01,medium
LOAN00077,CUST0064,INS015,solar,4893.81,24,8.06,2024-03-13,medium
LOAN00078,CUST0065,INS003,solar,15923.16,84,6.21,2021-07-15,medium
LOAN00079,CUST0066,INS002,solar,19470.02,84,5.51,2023-12-23,low
LOAN00080,CUST0067,INS005,ev_charger,6035.8,60,8.4,2023-11-14,medium
LOAN00081,CUST0068,INS003,solar,4458.98,36,7.44,2021-07-24,low
LOAN00082,CUST0069,INS017,battery,7389.28,84,5.76,2022-07-02,low
LOAN00083,CUST0069,INS010,ev_charger,22474.39,60,7.29,2022-06-15,low
LOAN00084,CUST0070,INS011,heat_pump,5815.4,48,7.29,2024-03-20,medium
LOAN00085,CUST0071,INS005,ev_charger,17777.12,24,4.61,2021-05-04,low
LOAN00086,CUST0072,INS013,solar,20866.43,84,4.32,2024-09-24,medium
LOAN00087,CUST0073,INS011,heat_pump,19917.85,36,8.04,2023-01-22,low
LOAN00088,CUST0074,INS017,battery,15957.97,60,3.99,2025-01-17,low
LOAN00089,CUST0075,INS007,battery,8204.13,60,8.9,2023-05-04,medium
LOAN00090,CUST0076,INS010,ev_charger,15938.4,24,6.6,2022-12-24,low
LOAN00091,CUST0077,INS017,battery,24971.62,48,6.99,2025-03-24,low
LOAN00092,CUST0078,INS005,ev_charger,23867.95,36,7.76,2024-07-16,high
LOAN00093,CUST0079,INS006,solar,4570.46,60,5.72,2021-08-31,low
LOAN00094,CUST0080,INS015,solar,21933.58,48,7.82,2022-09-14,high
LOAN00095,CUST0081,INS008,ev_charger,25647.37,60,4.87,2021-06-29,low
LOAN00096,CUST0082,INS015,solar,22564.04,48,6.41,2022-01-18,medium
LOAN00097,CUST0083,INS006,solar,23130.85,36,4.59,2025-03-25,medium
LOAN00098,CUST0084,INS016,battery,17086.25,48,4.41,2024-12-21,low
LOAN00099,CUST0085,INS004,solar,22196.36,24,5.26,2024-03-17,high
LOAN00100,CUST0086,INS005,ev_charger,5746.98,60,8.45,2021-11-15,low
LOAN00101,CUST0086,INS015,solar,26296.56,48,5.97,2021-11-22,low
LOAN00102,CUST0087,INS012,solar,27865.87,60,5.77,2021-09-07,low
LOAN00103,CUST0088,INS004,solar,22888.83,48,4.59,2022-11-16,low
LOAN00104,CUST0089,INS016,battery,22091.61,36,6.25,2023-03-03,medium
LOAN00105,CUST0090,INS003,solar,8783.54,48,4.65,2022-06-27,low
LOAN00106,CUST0091,INS017,battery,22516.23,24,5.09,2021-06-08,medium
LOAN00107,CUST0091,INS004,solar,13785.73,36,7.87,2021-04-21,medium
LOAN00108,CUST0092,INS004,solar,18120.11,60,3.98,2022-11-05,low
LOAN00109,CUST0093,INS008,ev_charger,10636.16,36,3.91,2025-07-29,medium
LOAN00110,CUST0094,INS014,battery,16325.37,24,5.7,2022-07-14,medium
LOAN00111,CUST0095,INS018,heat_pump,17076.72,84,5.85,2024-04-08,medium
LOAN00112,CUST0095,INS016,battery,27535.47,60,5.17,2024-02-09,medium
LOAN00113,CUST0096,INS003,solar,21457.06,36,7.04,2021-10-01,high
LOAN00114,CUST0097,INS011,heat_pump,12131.33,24,5.59,2024-12-03,low
LOAN00115,CUST0098,INS015,solar,18977.53,60,7.96,2023-04-26,medium
LOAN00116,CUST0099,INS015,solar,8438.98,48,7.86,2023-06-04,low
LOAN00117,CUST0100,INS011,heat_pump,16126.9,48,8.85,2023-05-16,high
LOAN00118,CUST0100,INS018,heat_pump,4397.21,48,7.13,2023-03-18,high
LOAN00119,CUST0101,INS002,solar,10193.81,48,7.9,2022-06-25,medium
LOAN00120,CUST0102,INS013,solar,25418.62,60,5.83,2023-03-31,high
LOAN00121,CUST0103,INS016,battery,12500.0,60,7.89,2023-07-10,medium
LOAN00122,CUST0103,INS009,heat_pump,21313.49,24,4.29,2023-07-24,medium
LOAN00123,CUST0104,INS006,solar,11369.68,48,4.3,2022-07-08,high
LOAN00124,CUST0105,INS010,ev_charger,21082.74,84,4.73,2022-02-24,low
LOAN00125,CUST0106,INS015,solar,18563.86,48,6.07,2025-02-22,medium
LOAN00126,CUST0107,INS002,solar,12401.12,60,7.91,2023-05-03,low
LOAN00127,CUST0108,INS001,solar,20113.18,84,6.09,2025-06-19,low
LOAN00128,CUST0109,INS008,ev_charger,12372.69,48,8.65,2021-06-28,low
LOAN00129,CUST0110,INS005,ev_charger,26746.18,60,5.76,2023-10-26,low
LOAN00130,CUST0111,INS005,ev_charger,13251.83,48,7.15,2022-06-18,low
LOAN00131,CUST0112,INS004,solar,15726.58,36,5.83,2022-02-03,low
LOAN00132,CUST0113,INS009,heat_pump,20748.93,48,4.97,2021-08-30,low
LOAN00133,CUST0114,INS016,battery,6825.35,24,4.27,2023-12-05,medium
LOAN00134,CUST0115,INS015,solar,19862.07,48,7.45,2024-01-15,high
LOAN00135,CUST0116,INS010,ev_charger,24358.37,48,7.46,2021-12-17,low
LOAN00136,CUST0117,INS006,solar,15964.52,48,4.51,2022-10-07,low
LOAN00137,CUST0117,INS007,battery,9300.04,36,6.37,2022-10-07,low
LOAN00138,CUST0118,INS012,solar,6679.4,84,8.32,2023-08-07,medium
LOAN00139,CUST0119,INS013,solar,16379.54,60,7.75,2023-01-04,medium
LOAN00140,CUST0120,INS003,solar,19237.3,48,6.15,2023-11-30,low
LOAN00141,CUST0121,INS012,solar,19174.95,84,4.81,2024-04-11,low
LOAN00142,CUST0122,INS014,battery,23869.07,24,6.49,2025-02-24,low
LOAN00143,CUST0122,INS010,ev_charger,11405.19,36,7.45,2025-01-12,low
LOAN00144,CUST0123,INS017,battery,24225.38,48,5.15,2024-05-01,low
LOAN00145,CUST0124,INS018,heat_pump,18813.05,36,6.97,2021-06-28,medium
LOAN00146,CUST0125,INS006,solar,7277.76,84,7.19,2024-12-04,medium
LOAN00147,CUST0126,INS011,heat_pump,4509.26,84,8.22,2022-12-24,low
LOAN00148,CUST0127,INS009,heat_pump,22290.5,36,5.98,2023-07-09,low
LOAN00149,CUST0128,INS016,battery,10596.96,84,8.68,2022-12-20,low
LOAN00150,CUST0129,INS013,solar,5287.84,60,4.2,2023-06-19,medium
LOAN00151,CUST0130,INS016,battery,11834.72,36,4.62,2022-02-20,medium
LOAN00152,CUST0131,INS011,heat_pump,27396.67,48,4.55,2023-07-14,medium
LOAN00153,CUST0131,INS012,solar,6101.51,84,5.11,2023-06-16,medium
LOAN00154,CUST0132,INS015,solar,5871.89,36,5.35,2022-10-16,low
LOAN00155,CUST0133,INS014,battery,23430.21,36,8.57,2025-06-29,medium
LOAN00156,CUST0134,INS007,battery,15707.51,36,6.47,2023-01-27,low
LOAN00157,CUST0135,INS010,ev_charger,5706.2,24,5.87,2024-12-17,low
LOAN00158,CUST0136,INS008,ev_charger,12145.93,84,4.15,2025-03-15,medium
LOAN00159,CUST0137,INS016,battery,3700.35,84,4.44,2022-09-10,medium
LOAN00160,CUST0138,INS009,heat_pump,22214.49,48,5.73,2024-09-23,low
LOAN00161,CUST0139,INS018,heat_pump,17053.96,48,4.27,2025-04-12,medium
LOAN00162,CUST0140,INS018,heat_pump,20169.77,84,4.49,2022-05-11,low
LOAN00163,CUST0141,INS013,solar,17166.88,48,5.73,2021-05-22,high
LOAN00164,CUST0141,INS005,ev_charger,15973.5,84,6.4,2021-04-30,high
LOAN00165,CUST0142,INS005,ev_charger,23197.16,48,6.5,2024-09-04,low
LOAN00166,CUST0143,INS017,battery,26318.53,48,5.49,2024-07-30,low
LOAN00167,CUST0144,INS010,ev_charger,15929.22,48,6.45,2025-02-10,low
LOAN00168,CUST0145,INS010,ev_charger,12524.77,24,7.27,2022-07-14,medium
LOAN00169,CUST0146,INS010,ev_charger,18124.29,24,5.23,2021-04-23,medium
LOAN00170,CUST0146,INS008,ev_charger,17796.32,24,4.75,2021-04-14,medium
LOAN00171,CUST0147,INS013,solar,4273.48,36,8.64,2022-04-12,medium
LOAN00172,CUST0148,INS001,solar,13760.12,48,5.96,2025-01-21,low
LOAN00173,CUST0149,INS017,battery,26052.76,84,8.26,2024-05-25,high
LOAN00174,CUST0150,INS002,solar,16207.74,36,6.7,2021-12-05,low
LOAN00175,CUST0151,INS016,battery,11186.94,60,4.77,2023-10-16,high
LOAN00176,CUST0151,INS018,heat_pump,12180.03,84,7.76,2023-09-22,high
LOAN00177,CUST0152,INS009,heat_pump,8210.47,60,5.13,2024-07-21,high
LOAN00178,CUST0153,INS008,ev_charger,22393.77,48,7.42,2023-10-24,medium
LOAN00179,CUST0154,INS016,battery,12045.68,60,8.57,2023-12-10,medium
LOAN00180,CUST0155,INS009,heat_pump,17550.18,24,6.62,2024-03-04,high
LOAN00181,CUST0156,INS013,solar,26887.92,48,7.92,2025-06-16,low
LOAN00182,CUST0156,INS010,ev_charger,26905.19,48,4.3,2025-03-09,low
LOAN00183,CUST0157,INS009,heat_pump,8742.68,60,8.04,2025-06-23,medium
LOAN00184,CUST0157,INS009,heat_pump,20556.2,84,4.59,2025-07-17,medium
LOAN00185,CUST0158,INS008,ev_charger,19910.93,24,6.56,2022-08-22,low
LOAN00186,CUST0159,INS002,solar,11592.19,60,6.26,2022-05-17,low
LOAN00187,CUST0160,INS005,ev_charger,27458.81,84,4.69,2025-01-01,low
LOAN00188,CUST0161,INS016,battery,22019.82,36,5.34,2023-01-19,high
LOAN00189,CUST0162,INS002,solar,19481.32,24,5.06,2021-10-09,low
LOAN00190,CUST0163,INS002,solar,13738.18,36,8.09,2023-06-20,medium
LOAN00191,CUST0164,INS002,solar,22805.04,60,4.83,2021-08-27,low
LOAN00192,CUST0164,INS010,ev_charger,3727.05,24,6.74,2021-09-01,low
LOAN00193,CUST0165,INS011,heat_pump,27732.94,60,6.62,2024-02-22,low
LOAN00194,CUST0166,INS005,ev_charger,14966.51,84,4.86,2022-06-16,low
LOAN00195,CUST0167,INS006,solar,19382.99,60,7.49,2025-07-28,high
LOAN00196,CUST0168,INS011,heat_pump,17410.64,48,7.69,2021-05-22,low
LOAN00197,CUST0169,INS013,solar,16124.38,60,4.33,2021-04-28,low
LOAN00198,CUST0170,INS006,solar,11428.24,60,5.14,2023-03-27,low
LOAN00199,CUST0171,INS008,ev_charger,26873.85,48,5.41,2025-04-11,medium
LOAN00200,CUST0172,INS001,solar,20472.83,48,4.21,2022-04-30,low
LOAN00201,CUST0173,INS010,ev_charger,20308.8,60,8.52,2023-07-02,low
LOAN00202,CUST0174,INS010,ev_charger,19148.43,24,8.6,2023-02-16,medium
LOAN00203,CUST0174,INS012,solar,8868.65,36,4.57,2023-02-06,medium
LOAN00204,CUST0175,INS012,solar,25863.52,84,7.69,2023-10-08,high
LOAN00205,CUST0176,INS007,battery,20168.38,36,6.88,2024-04-05,high
LOAN00206,CUST0177,INS017,battery,20742.27,84,4.29,2024-06-23,medium
LOAN00207,CUST0178,INS002,solar,25620.76,84,4.91,2021-10-05,low
LOAN00208,CUST0179,INS006,solar,14325.09,84,7.3,2023-09-14,low
LOAN00209,CUST0180,INS016,battery,14414.33,84,4.18,2023-02-27,low
LOAN00210,CUST0181,INS014,battery,4914.55,84,6.21,2022-12-29,medium
LOAN00211,CUST0182,INS001,solar,23503.1,48,7.63,2023-04-07,medium
LOAN00212,CUST0183,INS002,solar,20659.43,48,6.61,2023-07-07,medium
LOAN00213,CUST0184,INS003,solar,4277.5,60,5.94,2023-12-19,medium
LOAN00214,CUST0185,INS014,battery,14489.16,60,8.49,2021-06-03,low
LOAN00215,CUST0186,INS003,solar,6758.25,84,8.2,2021-08-16,medium
LOAN00216,CUST0187,INS018,heat_pump,6620.0,84,8.79,2022-07-11,medium
LOAN00217,CUST0188,INS001,solar,20000.75,60,6.62,2024-08-03,low
LOAN00218,CUST0189,INS008,ev_charger,11980.91,60,5.28,2023-09-28,medium
LOAN00219,CUST0190,INS004,solar,18565.62,60,8.58,2022-03-27,medium
LOAN00220,CUST0190,INS001,solar,5148.63,36,6.87,2022-04-22,medium
LOAN00221,CUST0191,INS002,solar,13355.5,24,5.07,2025-05-21,low
LOAN00222,CUST0192,INS002,solar,27840.34,84,5.07,2024-06-14,medium
LOAN00223,CUST0193,INS011,heat_pump,22427.19,84,7.99,2022-02-13,low
LOAN00224,CUST0193,INS008,ev_charger,27649.54,36,6.51,2022-01-09,low
LOAN00225,CUST0194,INS009,heat_pump,26738.75,84,8.3,2021-03-01,medium
LOAN00226,CUST0195,INS014,battery,4648.66,60,5.62,2023-04-20,high
LOAN00227,CUST0195,INS013,solar,11308.99,84,5.98,2023-05-19,high
LOAN00228,CUST0196,INS013,solar,15101.21,84,8.15,2022-03-06,medium
LOAN00229,CUST0197,INS005,ev_charger,25911.16,60,6.71,2024-10-19,low
LOAN00230,CUST0198,INS018,heat_pump,13016.27,36,5.17,2025-07-08,medium
LOAN00231,CUST0198,INS011,heat_pump,26094.54,24,8.14,2025-07-23,medium
LOAN00232,CUST0199,INS007,battery,12740.62,48,6.92,2024-05-20,medium
LOAN00233,CUST0200,INS003,solar,21245.48,84,6.69,2024-03-29,low
LOAN00234,CUST0201,INS011,heat_pump,8689.29,24,4.85,2023-07-05,low
LOAN00235,CUST0202,INS016,battery,20542.84,36,7.42,2024-12-14,low
LOAN00236,CUST0203,INS008,ev_charger,22500.09,48,5.8,2023-07-20,low
LOAN00237,CUST0204,INS012,solar,12311.29,48,8.31,2023-02-20,medium
LOAN00238,CUST0205,INS016,battery,25901.1,48,5.75,2023-09-16,medium
LOAN00239,CUST0206,INS008,ev_charger,3897.39,36,6.67,2024-11-27,medium
LOAN00240,CUST0207,INS014,battery,8306.7,36,5.05,2024-02-14,low
LOAN00241,CUST0208,INS008,ev_charger,19537.9,84,7.32,2025-04-10,low
LOAN00242,CUST0209,INS016,battery,14790.31,60,7.56,2022-08-18,low
LOAN00243,CUST0210,INS005,ev_charger,15463.75,84,8.48,2023-10-13,medium
LOAN00244,CUST0211,INS002,solar,24057.18,24,4.27,2024-05-19,medium
LOAN00245,CUST0212,INS002,solar,13603.61,24,8.11,2023-02-25,low
LOAN00246,CUST0213,INS005,ev_charger,15890.46,36,5.77,2022-10-29,low
LOAN00247,CUST0214,INS016,battery,3885.43,60,6.56,2023-03-22,low
LOAN00248,CUST0215,INS001,solar,16625.58,48,5.33,2024-07-11,medium
LOAN00249,CUST0216,INS014,battery,6121.9,36,4.38,2024-03-07,low
LOAN00250,CUST0217,INS007,battery,9684.25,84,5.67,2025-04-03,low
LOAN00251,CUST0218,INS003,solar,14745.44,60,5.12,2025-05-19,medium
LOAN00252,CUST0219,INS010,ev_charger,19516.53,24,8.19,2024-11-10,low
LOAN00253,CUST0220,INS003,solar,12740.65,60,6.28,2021-03-28,low
LOAN00254,CUST0221,INS006,solar,24210.58,60,7.12,2023-04-19,low
LOAN00255,CUST0222,INS004,solar,26019.23,84,5.05,2024-07-29,low
LOAN00256,CUST0223,INS016,battery,26141.9,24,7.32,2024-01-27,low
LOAN00257,CUST0223,INS009,heat_pump,17305.99,84,4.06,2024-04-17,low
LOAN00258,CUST0224,INS011,heat_pump,17882.38,36,7.66,2025-03-10,low
LOAN00259,CUST0224,INS013,solar,10832.28,24,6.72,2025-07-04,low
LOAN00260,CUST0225,INS013,solar,11627.38,84,7.68,2025-03-06,low
LOAN00261,CUST0226,INS003,solar,4815.56,48,6.09,2022-08-02,low
LOAN00262,CUST0227,INS011,heat_pump,26894.03,84,5.88,2022-04-17,low
LOAN00263,CUST0228,INS001,solar,22696.93,48,6.15,2024-03-24,low
LOAN00264,CUST0229,INS018,heat_pump,14080.27,60,7.3,2025-06-21,low
LOAN00265,CUST0230,INS003,solar,10736.8,84,5.13,2024-07-29,medium
LOAN00266,CUST0231,INS009,heat_pump,20936.09,60,7.07,2021-08-13,low
LOAN00267,CUST0232,INS011,heat_pump,5742.25,24,8.61,2023-02-25,low
LOAN00268,CUST0233,INS009,heat_pump,5638.78,36,6.05,2025-01-03,low
LOAN00269,CUST0234,INS017,battery,4143.42,24,5.67,2021-05-26,medium
LOAN00270,CUST0235,INS011,heat_pump,3802.35,60,5.97,2025-03-19,medium
LOAN00271,CUST0236,INS018,heat_pump,17513.03,36,4.75,2025-07-15,low
LOAN00272,CUST0237,INS005,ev_charger,10075.97,48,4.63,2021-03-01,low
LOAN00273,CUST0238,INS009,heat_pump,15363.67,48,4.28,2023-10-31,low
LOAN00274,CUST0239,INS008,ev_charger,18048.26,60,4.88,2021-07-17,high
LOAN00275,CUST0240,INS010,ev_charger,11639.32,60,7.0,2023-09-06,medium
LOAN00276,CUST0241,INS011,heat_pump,14050.1,48,8.02,2023-05-27,low
LOAN00277,CUST0242,INS005,ev_charger,18278.68,48,7.38,2024-08-20,low
LOAN00278,CUST0243,INS006,solar,10640.48,48,7.37,2024-04-17,low
LOAN00279,CUST0244,INS008,ev_charger,10367.35,60,7.83,2022-07-04,medium
LOAN00280,CUST0245,INS007,battery,7908.22,84,7.74,2023-07-17,medium
LOAN00281,CUST0246,INS015,solar,14242.15,36,5.36,2024-10-18,medium
LOAN00282,CUST0247,INS014,battery,6909.89,60,5.41,2023-05-16,high
LOAN00283,CUST0248,INS005,ev_charger,22832.38,60,4.27,2022-12-01,high
LOAN00284,CUST0249,INS016,battery,16592.0,60,8.52,2022-12-01,medium
LOAN00285,CUST0249,INS014,battery,22872.66,24,5.7,2022-11-26,medium
LOAN00286,CUST0250,INS018,heat_pump,6179.55,24,5.14,2024-08-17,high
LOAN00287,CUST0250,INS012,solar,4585.27,84,8.82,2024-06-23,high
LOAN00288,CUST0251,INS013,solar,27160.06,48,6.05,2022-06-06,low
LOAN00289,CUST0252,INS009,heat_pump,21797.9,84,6.69,2021-07-14,low
LOAN00290,CUST0253,INS008,ev_charger,13082.79,48,7.76,2024-04-02,low
LOAN00291,CUST0254,INS017,battery,27943.72,48,6.31,2023-05-06,medium
LOAN00292,CUST0255,INS003,solar,12034.05,36,5.62,2023-09-04,low
LOAN00293,CUST0256,INS017,battery,15165.98,48,6.09,2022-10-14,medium
LOAN00294,CUST0257,INS011,heat_pump,4594.73,48,7.45,2023-07-27,medium
LOAN00295,CUST0258,INS011,heat_pump,20089.91,24,4.72,2022-09-16,medium
LOAN00296,CUST0259,INS008,ev_charger,17021.8,36,5.55,2022-04-17,low
LOAN00297,CUST0259,INS014,battery,23045.02,36,7.05,2022-04-10,low
LOAN00298,CUST0260,INS014,battery,21566.02,24,8.32,2022-05-26,high
LOAN00299,CUST0261,INS014,battery,20766.02,24,4.93,2021-12-07,low
LOAN00300,CUST0262,INS003,solar,23087.81,24,6.58,2022-12-04,medium
LOAN00301,CUST0263,INS007,battery,9927.66,24,8.21,2024-05-08,low
LOAN00302,CUST0264,INS011,heat_pump,18477.06,60,6.84,2023-11-02,medium
LOAN00303,CUST0265,INS015,solar,23436.59,36,7.43,2022-09-29,low
LOAN00304,CUST0266,INS003,solar,11173.05,36,5.09,2023-09-10,medium
LOAN00305,CUST0267,INS012,solar,16015.21,36,5.99,2023-08-31,medium
LOAN00306,CUST0268,INS013,solar,15423.42,36,6.59,2021-04-17,low
LOAN00307,CUST0269,INS006,solar,15496.23,36,4.6,2024-12-22,medium
LOAN00308,CUST0269,INS011,heat_pump,18675.54,60,8.23,2025-01-27,medium
LOAN00309,CUST0270,INS016,battery,23472.79,36,8.72,2021-03-01,medium
LOAN00310,CUST0270,INS017,battery,13523.79,60,6.36,2021-05-06,medium
LOAN00311,CUST0271,INS015,solar,5525.43,36,4.05,2025-06-13,low
LOAN00312,CUST0272,INS010,ev_charger,9008.66,48,5.34,2024-08-31,high
LOAN00313,CUST0273,INS016,battery,6273.67,84,4.47,2022-03-18,low
LOAN00314,CUST0274,INS012,solar,22120.1,24,6.11,2023-12-13,low
LOAN00315,CUST0275,INS014,battery,10793.87,36,8.9,2023-04-30,low
LOAN00316,CUST0276,INS012,solar,14257.21,24,8.87,2021-11-21,low
LOAN00317,CUST0277,INS008,ev_charger,20383.77,84,8.21,2024-12-17,low
LOAN00318,CUST0278,INS014,battery,6911.26,84,4.93,2023-04-22,low
LOAN00319,CUST0279,INS002,solar,16540.88,48,6.88,2021-09-10,low
LOAN00320,CUST0280,INS010,ev_charger,10049.91,84,8.19,2021-10-02,medium
LOAN00321,CUST0281,INS004,solar,26009.83,60,8.86,2021-01-20,low
LOAN00322,CUST0281,INS005,ev_charger,9617.09,36,7.46,2021-04-02,low
LOAN00323,CUST0282,INS013,solar,17646.93,36,5.24,2021-06-23,low
LOAN00324,CUST0283,INS015,solar,13369.84,24,7.65,2024-07-08,medium
LOAN00325,CUST0284,INS012,solar,11518.59,60,3.91,2025-06-03,low
LOAN00326,CUST0285,INS003,solar,19053.59,60,7.39,2024-05-02,high
LOAN00327,CUST0286,INS018,heat_pump,27219.15,36,8.02,2023-08-06,low
LOAN00328,CUST0286,INS016,battery,23794.42,48,5.59,2023-07-21,low
LOAN00329,CUST0287,INS016,battery,25406.79,48,7.71,2024-10-22,medium
LOAN00330,CUST0288,INS015,solar,26271.11,24,4.69,2024-12-26,low
LOAN00331,CUST0289,INS014,battery,25112.62,36,5.41,2021-02-23,low
LOAN00332,CUST0290,INS009,heat_pump,9634.54,48,5.76,2022-04-17,low
LOAN00333,CUST0290,INS006,solar,18827.3,60,7.53,2022-04-12,low
LOAN00334,CUST0291,INS014,battery,20740.6,24,3.91,2021-11-20,low
LOAN00335,CUST0292,INS005,ev_charger,16226.38,36,6.13,2025-03-23,low
LOAN00336,CUST0293,INS011,heat_pump,27709.8,24,6.01,2022-10-26,medium
LOAN00337,CUST0294,INS003,solar,5688.61,60,7.93,2023-09-24,low
LOAN00338,CUST0295,INS012,solar,6859.67,48,7.77,2022-02-13,low
LOAN00339,CUST0296,INS005,ev_charger,5176.08,36,6.72,2024-08-02,medium
LOAN00340,CUST0297,INS006,solar,21199.58,48,7.04,2021-12-02,low
LOAN00341,CUST0298,INS014,battery,24569.08,60,4.33,2023-07-17,high
LOAN00342,CUST0299,INS004,solar,12112.62,60,6.05,2024-01-20,medium
LOAN00343,CUST0300,INS008,ev_charger,9580.09,24,6.9,2022-09-07,medium
LOAN00344,CUST0301,INS010,ev_charger,24273.36,24,7.19,2024-07-10,medium
LOAN00345,CUST0302,INS017,battery,8121.84,84,5.86,2023-09-19,low
LOAN00346,CUST0303,INS008,ev_charger,6262.22,60,6.4,2023-01-14,medium
LOAN00347,CUST0304,INS017,battery,27678.62,24,8.57,2023-06-05,high
LOAN00348,CUST0305,INS014,battery,20232.08,84,7.71,2022-03-09,medium
LOAN00349,CUST0306,INS003,solar,5154.55,84,5.21,2022-04-26,low
LOAN00350,CUST0306,INS002,solar,26742.66,24,5.89,2022-08-20,low
LOAN00351,CUST0307,INS017,battery,13877.59,60,5.91,2025-06-12,medium
LOAN00352,CUST0308,INS018,heat_pump,10297.96,36,5.45,2023-05-09,high
LOAN00353,CUST0309,INS007,battery,16641.56,36,5.85,2024-12-09,low
LOAN00354,CUST0310,INS003,solar,21383.98,60,8.13,2021-04-25,low
LOAN00355,CUST0311,INS003,solar,6341.67,60,6.96,2024-08-19,medium
LOAN00356,CUST0312,INS006,solar,20843.56,24,7.41,2023-07-06,low
LOAN00357,CUST0313,INS012,solar,22683.18,84,7.5,2023-09-29,medium
LOAN00358,CUST0314,INS005,ev_charger,21456.93,48,4.49,2023-07-24,low
LOAN00359,CUST0315,INS011,heat_pump,10163.52,60,4.22,2025-08-31,low
LOAN00360,CUST0315,INS003,solar,16014.16,60,4.18,2025-07-22,low
LOAN00361,CUST0316,INS006,solar,9750.34,36,4.41,2025-01-05,medium
LOAN00362,CUST0316,INS004,solar,3562.93,84,8.19,2024-12-18,medium
LOAN00363,CUST0317,INS002,solar,12883.0,48,4.65,2023-01-03,low
LOAN00364,CUST0318,INS002,solar,9000.63,60,5.14,2022-12-20,high
LOAN00365,CUST0318,INS011,heat_pump,17502.63,24,4.5,2022-11-14,high
LOAN00366,CUST0319,INS002,solar,23206.28,36,8.81,2021-04-06,low
LOAN00367,CUST0320,INS003,solar,24717.79,60,7.77,2024-11-05,high
LOAN00368,CUST0320,INS010,ev_charger,17050.74,24,3.94,2024-08-26,high
