customer_id,signup_date,country,risk_segment
CUST0001,2021-05-16,FR,high
CUST0002,2024-03-07,NL,low
CUST0003,2023-10-20,AT,high
CUST0004,2024-08-09,AT,low
CUST0005,2021-10-13,FR,medium
CUST0006,2024-01-09,NL,medium
CUST0007,2023-05-28,ES,low
CUST0008,2022-03-26,FR,low
CUST0009,2021-07-06,DE,medium
CUST0010,2021-11-10,FR,medium
CUST0011,2023-05-15,ES,low
CUST0012,2023-02-21,ES,high
CUST0013,2023-12-20,NL,high
CUST0014,2021-01-24,DE,medium
CUST0015,2024-01-05,NL,medium
CUST0016,2022-11-28,DE,low
CUST0017,2021-11-20,AT,low
CUST0018,2025-01-18,NL,high
CUST0019,2025-04-10,FR,low
CUST0020,2021-08-06,NL,medium
CUST0021,2023-11-06,ES,low
CUST0022,2023-02-05,FR,low
CUST0023,2025-05-14,ES,high
CUST0024,2024-05-11,NL,low
CUST0025,2021-08-18,NL,high
CUST0026,2022-09-22,FR,low
CUST0027,2024-03-07,DE,low
CUST0028,2023-09-23,DE,high
CUST0029,2023-12-27,FR,low
CUST0030,2023-09-01,ES,low
CUST0031,2023-12-17,ES,low
CUST0032,2022-03-10,ES,medium
CUST0033,2024-11-13,FR,medium
CUST0034,2023-03-29,NL,low
CUST0035,2023-11-26,AT,low
CUST0036,2022-04-06,DE,low
CUST0037,2024-04-19,ES,low
CUST0038,2022-03-28,DE,low
CUST0039,2024-07-16,DE,low
CUST0040,2021-03-06,NL,low
CUST0041,2022-05-03,NL,medium
CUST0042,2022-03-15,ES,low
CUST0043,2024-03-15,ES,low
CUST0044,2025-05-26,AT,medium
CUST0045,2022-01-25,DE,low
CUST0046,2023-06-02,NL,low
CUST0047,2023-08-15,DE,medium
CUST0048,2024-08-16,DE,low
CUST0049,2025-01-31,NL,medium
CUST0050,2021-08-12,FR,low
CUST0051,2024-01-04,AT,low
CUST0052,2022-01-11,NL,low
CUST0053,2021-06-04,AT,medium
CUST0054,2024-02-02,DE,low
CUST0055,2024-01-13,DE,high
CUST0056,2025-03-24,FR,low
CUST0057,2023-09-22,AT,low
CUST0058,2023-04-02,DE,low
CUST0059,2021-01-05,AT,low
CUST0060,2025-05-25,AT,low
CUST0061,2024-11-27,ES,medium
CUST0062,2023-09-24,FR,low
CUST0063,2022-03-22,DE,medium
CUST0064,2024-01-16,DE,medium
CUST0065,2021-04-28,DE,medium
CUST0066,2023-10-27,ES,low
CUST0067,2023-11-07,DE,medium
CUST0068,2021-05-21,ES,low
CUST0069,2022-04-27,AT,low
CUST0070,2024-03-12,FR,medium
CUST0071,2021-03-23,ES,low
CUST0072,2024-09-08,ES,medium
CUST0073,2022-10-10,NL,low
CUST0074,2025-01-06,NL,low
CUST0075,2023-03-22,FR,medium
CUST0076,2022-09-07,AT,low
CUST0077,2025-03-20,DE,low
CUST0078,2024-06-26,ES,high
CUST0079,2021-05-31,ES,low
CUST0080,2022-06-28,FR,high
CUST0081,2021-05-21,FR,low
CUST0082,2021-11-20,AT,medium
CUST0083,2024-12-11,NL,medium
CUST0084,2024-09-01,ES,low
CUST0085,2024-02-10,NL,high
CUST0086,2021-08-01,FR,low
CUST0087,2021-08-08,ES,low
CUST0088,2022-08-01,ES,low
CUST0089,2022-12-04,FR,medium
CUST0090,2022-06-25,ES,low
CUST0091,2021-04-15,DE,medium
CUST0092,2022-07-21,DE,low
CUST0093,2025-04-29,FR,medium
CUST0094,2022-06-21,FR,medium
CUST0095,2024-02-04,AT,medium
CUST0096,2021-08-18,DE,high
CUST0097,2024-11-16,FR,low
CUST0098,2023-01-27,ES,medium
CUST0099,2023-05-31,FR,low
CUST0100,2023-01-17,DE,high
CUST0101,2022-03-07,FR,medium
CUST0102,2022-12-26,ES,high
CUST0103,2023-04-13,ES,medium
CUST0104,2022-04-30,FR,high
CUST0105,2021-12-29,AT,low
CUST0106,2025-02-17,NL,medium
CUST0107,2023-04-24,FR,low
CUST0108,2025-06-01,DE,low
CUST0109,2021-03-21,AT,low
CUST0110,2023-08-01,NL,low
CUST0111,2022-04-12,FR,low
CUST0112,2022-01-31,AT,low
CUST0113,2021-05-23,NL,low
CUST0114,2023-11-10,AT,medium
CUST0115,2024-01-04,NL,high
CUST0116,2021-08-25,NL,low
CUST0117,2022-06-28,DE,low
CUST0118,2023-06-09,NL,medium
CUST0119,2022-10-05,AT,medium
CUST0120,2023-11-14,DE,low
CUST0121,2024-03-26,FR,low
CUST0122,2024-12-22,AT,low
CUST0123,2024-01-08,FR,low
CUST0124,2021-05-24,NL,medium
CUST0125,2024-09-20,DE,medium
CUST0126,2022-09-08,ES,low
CUST0127,2023-04-17,NL,low
CUST0128,2022-08-29,ES,low
CUST0129,2023-05-12,AT,medium
CUST0130,2021-12-23,ES,medium
CUST0131,2023-04-12,ES,medium
CUST0132,2022-09-15,NL,low
CUST0133,2025-05-29,ES,medium
CUST0134,2022-10-22,AT,low
CUST0135,2024-10-15,FR,low
CUST0136,2025-02-16,FR,medium
CUST0137,2022-08-05,ES,medium
CUST0138,2024-06-22,NL,low
CUST0139,2025-03-19,FR,medium
CUST0140,2022-04-06,FR,low
CUST0141,2021-04-05,FR,high
CUST0142,2024-06-05,DE,low
CUST0143,2024-07-13,ES,low
CUST0144,2024-11-27,AT,low
CUST0145,2022-05-15,FR,medium
CUST0146,2021-01-12,DE,medium
CUST0147,2022-03-25,FR,medium
CUST0148,2024-11-26,ES,low
CUST0149,2024-02-16,FR,high
CUST0150,2021-09-06,AT,low
CUST0151,2023-08-10,ES,high
CUST0152,2024-05-04,NL,high
CUST0153,2023-06-26,ES,medium
CUST0154,2023-10-31,AT,medium
CUST0155,2024-01-28,AT,high
CUST0156,2025-03-04,AT,low
CUST0157,2025-03-20,FR,medium
CUST0158,2022-07-22,ES,low
CUST0159,2022-05-05,NL,low
CUST0160,2025-01-01,NL,low
CUST0161,2022-11-19,NL,high
CUST0162,2021-06-15,FR,low
CUST0163,2023-02-24,FR,medium
CUST0164,2021-05-12,AT,low
CUST0165,2024-01-17,AT,low
CUST0166,2022-02-28,AT,low
CUST0167,2025-04-26,ES,high
CUST0168,2021-02-10,ES,low
CUST0169,2021-01-13,NL,low
CUST0170,2023-03-10,AT,low
CUST0171,2025-02-13,ES,medium
CUST0172,2022-03-28,AT,low
CUST0173,2023-06-12,AT,low
CUST0174,2022-11-20,AT,medium
CUST0175,2023-08-16,FR,high
CUST0176,2023-12-30,DE,high
CUST0177,2024-04-27,ES,medium
CUST0178,2021-06-21,AT,low
CUST0179,2023-08-04,FR,low
CUST0180,2023-02-16,NL,low
CUST0181,2022-11-01,NL,medium
CUST0182,2023-02-16,NL,medium
CUST0183,2023-05-14,NL,medium
CUST0184,2023-08-22,DE,medium
CUST0185,2021-04-17,NL,low
CUST0186,2021-05-21,DE,medium
CUST0187,2022-05-22,FR,medium
CUST0188,2024-06-26,FR,low
CUST0189,2023-08-28,DE,medium
CUST0190,2022-03-23,AT,medium
CUST0191,2025-04-20,NL,low
CUST0192,2024-05-28,DE,medium
CUST0193,2021-12-02,NL,low
CUST0194,2021-02-22,NL,medium
CUST0195,2023-02-08,AT,high
CUST0196,2022-02-11,DE,medium
CUST0197,2024-07-08,FR,low
CUST0198,2025-05-02,NL,medium
CUST0199,2024-05-14,DE,medium
CUST0200,2024-03-05,DE,low
CUST0201,2023-05-28,NL,low
CUST0202,2024-08-19,NL,low
CUST0203,2023-05-11,AT,low
CUST0204,2023-01-12,AT,medium
CUST0205,2023-06-11,FR,medium
CUST0206,2024-08-25,NL,medium
CUST0207,2024-01-08,AT,low
CUST0208,2025-02-06,ES,low
CUST0209,2022-05-18,DE,low
CUST0210,2023-07-13,FR,medium
CUST0211,2024-03-13,ES,medium
CUST0212,2022-11-20,DE,low
CUST0213,2022-10-28,FR,low
CUST0214,2022-12-28,NL,low
CUST0215,2024-05-05,NL,medium
CUST0216,2023-11-25,FR,low
CUST0217,2025-01-14,AT,low
CUST0218,2025-04-02,FR,medium
CUST0219,2024-08-15,AT,low
CUST0220,2021-02-05,DE,low
CUST0221,2023-04-09,FR,low
CUST0222,2024-04-06,NL,low
CUST0223,2023-12-24,NL,low
CUST0224,2025-03-08,ES,low
CUST0225,2024-12-10,AT,low
CUST0226,2022-05-30,FR,low
CUST0227,2022-01-30,NL,low
CUST0228,2024-01-03,FR,low
CUST0229,2025-02-21,AT,low
CUST0230,2024-04-22,ES,medium
CUST0231,2021-07-25,FR,low
CUST0232,2023-01-10,FR,low
CUST0233,2024-12-21,ES,low
CUST0234,2021-04-04,DE,medium
CUST0235,2024-11-29,FR,medium
CUST0236,2025-03-22,AT,low
CUST0237,2021-01-26,ES,low
CUST0238,2023-09-08,AT,low
CUST0239,2021-04-16,NL,high
CUST0240,2023-09-06,DE,medium
CUST0241,2023-04-01,AT,low
CUST0242,2024-07-13,DE,low
CUST0243,2024-02-27,NL,low
CUST0244,2022-05-24,DE,medium
CUST0245,2023-05-03,ES,medium
CUST0246,2024-06-20,FR,medium
CUST0247,2023-02-19,AT,high
CUST0248,2022-09-01,ES,high
CUST0249,2022-09-18,ES,medium
CUST0250,2024-06-02,DE,high
CUST0251,2022-03-02,FR,low
CUST0252,2021-06-16,FR,low
CUST0253,2024-02-05,DE,low
CUST0254,2023-04-17,AT,medium
CUST0255,2023-08-21,NL,low
CUST0256,2022-08-14,NL,medium
CUST0257,2023-07-19,DE,medium
CUST0258,2022-06-26,ES,medium
CUST0259,2022-02-10,AT,low
CUST0260,2022-04-06,FR,high
CUST0261,2021-10-19,DE,low
CUST0262,2022-09-22,ES,medium
CUST0263,2024-03-11,NL,low
CUST0264,2023-08-18,NL,medium
CUST0265,2022-07-12,ES,low
CUST0266,2023-06-16,DE,medium
CUST0267,2023-06-04,NL,medium
CUST0268,2021-02-22,DE,low
CUST0269,2024-10-12,ES,medium
CUST0270,2021-02-12,NL,medium
CUST0271,2025-04-12,FR,low
CUST0272,2024-08-27,AT,high
CUST0273,2022-01-07,ES,low
CUST0274,2023-10-05,DE,low
CUST0275,2023-04-17,NL,low
CUST0276,2021-08-03,FR,low
CUST0277,2024-11-21,AT,low
CUST0278,2023-04-01,ES,low
CUST0279,2021-06-30,NL,low
CUST0280,2021-08-26,AT,medium
CUST0281,2021-01-03,ES,low
CUST0282,2021-04-22,FR,low
CUST0283,2024-06-29,AT,medium
CUST0284,2025-04-06,DE,low
CUST0285,2024-01-30,FR,high
CUST0286,2023-06-17,AT,low
CUST0287,2024-07-14,ES,medium
CUST0288,2024-12-24,FR,low
CUST0289,2021-01-29,ES,low
CUST0290,2022-04-06,DE,low
CUST0291,2021-08-29,FR,low
CUST0292,2025-01-07,NL,low
CUST0293,2022-07-14,AT,medium
CUST0294,2023-08-26,FR,low
CUST0295,2021-10-24,AT,low
CUST0296,2024-05-12,ES,medium
CUST0297,2021-10-07,DE,low
CUST0298,2023-04-30,NL,high
CUST0299,2023-11-06,NL,medium
CUST0300,2022-08-03,NL,medium
CUST0301,2024-04-02,AT,medium
CUST0302,2023-07-04,ES,low
CUST0303,2022-11-12,ES,medium
CUST0304,2023-02-12,AT,high
CUST0305,2022-01-22,FR,medium
CUST0306,2022-04-24,AT,low
CUST0307,2025-03-06,AT,medium
CUST0308,2023-02-20,AT,high
CUST0309,2024-08-28,FR,low
CUST0310,2021-03-17,FR,low
CUST0311,2024-04-23,NL,medium
CUST0312,2023-06-21,DE,low
CUST0313,2023-07-25,DE,medium
CUST0314,2023-04-20,FR,low
CUST0315,2025-05-20,NL,low
CUST0316,2024-11-19,AT,medium
CUST0317,2022-11-04,ES,low
CUST0318,2022-10-11,AT,high
CUST0319,2021-03-15,ES,low
CUST0320,2024-07-16,NL,high
